{
    "rmse": 0.804096165579599,
    "mae": 0.6561021876859676,
    "r2": 0.010612323938179902
}